Name,Price
Short sportivi con ricamo Diesel,€150.00
T-shirt con stampa inside-out,€115.00
T-shirt con stampa guanto tattoo,€65.00
Canotta sfumata con stampa grafica,€75.00
T-shirt con trattamento solarizzato,€85.00
T-shirt in jersey di cotone effetto spray,€75.00
Polo con trattamento spray,€115.00
Camicia a maniche corte con stampa poster,€195.00
T-shirt con stampa Diesel tattoo,€65.00
T-shirt sfumata con ricamo in tono,€95.00
T-shirt a maniche lunghe con stampe sfumate,€135.00
T-shirt in jersey di cotone effetto spray,€75.00
T-shirt sfumata con ricamo in tono,€95.00
T-shirt a maniche lunghe con patch stampate,€175.00
T-shirt con stampa inside-out,€115.00
Felpa con ricamo logo,€195.00
Felpa con ricamo logo,€195.00
Hoodie sfumato con logo Denim Division,€185.00
T-shirt con stampa guanto tattoo,€65.00
T-shirt con stampe tattoo sfumate,€115.00
Felpa di cotone con patch sfumate,€165.00
Camicia bowling sfumata con grafica logo,€225.00
Short sfumati con stampa d'archivio,€195.00
T-shirt con patch stampate e sfrangiate,€150.00
T-shirt con patch stampate e sfrangiate,€150.00
T-shirt in jersey di cotone effetto spray,€75.00
Top a strati con motivo camouflage,€150.00
T-shirt tie-dye con fili fluttuanti,€195.00
Camicia con stampa trompe-l'oeil,€295.00
Maglia polo stampata al contrario,€250.00
T-shirt tie-dye con fili fluttuanti,€195.00
T-shirt a maniche lunghe con fili fluttuanti,€225.00
Giacca biker in pelle effetto dirty,€995.00
T-shirt con trattamento laminato stropicciato,€150.00
T-shirt sfumata con Oval D cut-out,€195.00
Tank top sfumata con Oval D effetto puff,€150.00
Maglia con logo Oval D cut-out,€395.00
T-shirt sfumata con Oval D cut-out,€195.00
Maglia con logo Oval D cut-out,€395.00
Tank top sfumata con Oval D effetto puff,€150.00
Blouson in denim con logo bleach,€350.00
Camicia bowling con effetti bleach,€225.00
Camicia bowling con logo ricamato,€160.00
T-shirt a maniche lunghe con patch stampata,€95.00
T-shirt a maniche lunghe con patch stampata,€95.00
Polo con mezza zip,€125.00
T-shirt con logo stampato a iniezione,€85.00
T-shirt con logo stampato a iniezione,€85.00
Felpa con zip e logo metallizzato,€195.00
Hoodie oversize con logo metallico,€185.00
Felpa oversize con logo metallico,€160.00
Tank top with injection-moulded Oval D,€75.00
Felpa oversize con logo metallico,€160.00
T-shirt con logo stampato a iniezione,€85.00
Tank top with injection-moulded Oval D,€75.00
Denim-effect zip-up cardigan in cotton,€495.00
K-KLEVERY,€450.00
T-shirt con logo Oval D effetto bleach,€85.00
Hoodie con logo bleach,€185.00
Giacca a vento con cappuccio e stampa poster,€295.00
